Energy_keV,Signal_counts,Background_counts,Total_counts,Total_norm
0.732421875,8,0,8,0.13333333333333333
2.197265625,20,0,20,0.3333333333333333
3.662109375,13,0,13,0.21666666666666667
5.126953125,21,0,21,0.35
6.591796875,27,0,27,0.45
8.056640625,15,0,15,0.25
9.521484375,19,0,19,0.31666666666666665
10.986328125,12,0,12,0.2
12.451171875,21,0,21,0.35
13.916015625,23,0,23,0.38333333333333336
15.380859375,10,0,10,0.16666666666666666
16.845703125,18,8,26,0.43333333333333335
18.310546875,12,9,21,0.35
19.775390625,9,20,29,0.48333333333333334
21.240234375,16,24,40,0.6666666666666666
22.705078125,11,24,35,0.5833333333333334
24.169921875,16,28,44,0.7333333333333333
25.634765625,36,26,62,1.0333333333333334
27.099609375,14,15,29,0.48333333333333334
28.564453125,18,39,57,0.95
30.029296875,18,34,52,0.8666666666666667
31.494140625,15,33,48,0.8
32.958984375,23,33,56,0.9333333333333333
34.423828125,22,37,59,0.9833333333333333
35.888671875,23,37,60,1.0
37.353515625,20,27,47,0.7833333333333333
38.818359375,23,30,53,0.8833333333333333
40.283203125,28,40,68,1.1333333333333333
41.748046875,20,19,39,0.65
43.212890625,26,48,74,1.2333333333333334
44.677734375,25,52,77,1.2833333333333334
46.142578125,19,45,64,1.0666666666666667
47.607421875,22,57,79,1.3166666666666667
49.072265625,15,52,67,1.1166666666666667
50.537109375,21,64,85,1.4166666666666667
52.001953125,23,63,86,1.4333333333333333
53.466796875,18,75,93,1.55
54.931640625,21,71,92,1.5333333333333334
56.396484375,17,75,92,1.5333333333333334
57.861328125,22,71,93,1.55
59.326171875,21,77,98,1.6333333333333333
60.791015625,24,78,102,1.7
62.255859375,28,98,126,2.1
63.720703125,27,93,120,2.0
65.185546875,23,97,120,2.0
66.650390625,18,110,128,2.1333333333333333
68.115234375,19,112,131,2.183333333333333
69.580078125,26,117,143,2.3833333333333333
71.044921875,28,115,143,2.3833333333333333
72.509765625,30,142,172,2.8666666666666667
73.974609375,21,139,160,2.6666666666666665
75.439453125,31,131,162,2.7
76.904296875,16,123,139,2.316666666666667
78.369140625,21,131,152,2.533333333333333
79.833984375,23,126,149,2.4833333333333334
81.298828125,26,132,158,2.6333333333333333
82.763671875,14,145,159,2.65
84.228515625,27,126,153,2.55
85.693359375,24,134,158,2.6333333333333333
87.158203125,15,118,133,2.216666666666667
88.623046875,17,137,154,2.566666666666667
90.087890625,18,119,137,2.283333333333333
91.552734375,20,95,115,1.9166666666666667
93.017578125,18,121,139,2.316666666666667
94.482421875,20,114,134,2.2333333333333334
95.947265625,21,133,154,2.566666666666667
97.412109375,35,130,165,2.75
98.876953125,26,142,168,2.8
100.341796875,18,126,144,2.4
101.806640625,16,126,142,2.3666666666666667
103.271484375,25,149,174,2.9
104.736328125,13,123,136,2.2666666666666666
106.201171875,25,107,132,2.2
107.666015625,18,110,128,2.1333333333333333
109.130859375,26,128,154,2.566666666666667
110.595703125,19,99,118,1.9666666666666666
112.060546875,17,138,155,2.5833333333333335
113.525390625,26,117,143,2.3833333333333333
114.990234375,15,105,120,2.0
116.455078125,30,108,138,2.3
117.919921875,21,108,129,2.15
119.384765625,8,122,130,2.1666666666666665
120.849609375,20,127,147,2.45
122.314453125,21,114,135,2.25
123.779296875,22,112,134,2.2333333333333334
125.244140625,23,123,146,2.433333333333333
126.708984375,30,117,147,2.45
128.173828125,19,119,138,2.3
129.638671875,20,98,118,1.9666666666666666
131.103515625,15,128,143,2.3833333333333333
132.568359375,25,119,144,2.4
134.033203125,35,97,132,2.2
135.498046875,32,95,127,2.1166666666666667
136.962890625,23,107,130,2.1666666666666665
138.427734375,18,120,138,2.3
139.892578125,33,105,138,2.3
141.357421875,17,89,106,1.7666666666666666
142.822265625,20,108,128,2.1333333333333333
144.287109375,20,92,112,1.8666666666666667
145.751953125,23,116,139,2.316666666666667
147.216796875,27,86,113,1.8833333333333333
148.681640625,25,111,136,2.2666666666666666
150.146484375,26,118,144,2.4
151.611328125,21,83,104,1.7333333333333334
153.076171875,27,107,134,2.2333333333333334
154.541015625,16,100,116,1.9333333333333333
156.005859375,26,93,119,1.9833333333333334
157.470703125,24,105,129,2.15
158.935546875,14,95,109,1.8166666666666667
160.400390625,13,82,95,1.5833333333333333
161.865234375,15,71,86,1.4333333333333333
163.330078125,30,85,115,1.9166666666666667
164.794921875,21,93,114,1.9
166.259765625,28,81,109,1.8166666666666667
167.724609375,16,70,86,1.4333333333333333
169.189453125,17,106,123,2.05
170.654296875,31,86,117,1.95
172.119140625,21,86,107,1.7833333333333334
173.583984375,30,86,116,1.9333333333333333
175.048828125,24,86,110,1.8333333333333333
176.513671875,23,81,104,1.7333333333333334
177.978515625,20,73,93,1.55
179.443359375,20,64,84,1.4
180.908203125,20,93,113,1.8833333333333333
182.373046875,24,76,100,1.6666666666666667
183.837890625,20,68,88,1.4666666666666666
185.302734375,31,71,102,1.7
186.767578125,24,65,89,1.4833333333333334
188.232421875,14,71,85,1.4166666666666667
189.697265625,15,72,87,1.45
191.162109375,24,67,91,1.5166666666666666
192.626953125,21,80,101,1.6833333333333333
194.091796875,29,66,95,1.5833333333333333
195.556640625,17,65,82,1.3666666666666667
197.021484375,25,62,87,1.45
198.486328125,26,74,100,1.6666666666666667
199.951171875,22,74,96,1.6
201.416015625,24,63,87,1.45
202.880859375,23,59,82,1.3666666666666667
204.345703125,27,67,94,1.5666666666666667
205.810546875,23,59,82,1.3666666666666667
207.275390625,25,54,79,1.3166666666666667
208.740234375,25,80,105,1.75
210.205078125,42,65,107,1.7833333333333334
211.669921875,14,67,81,1.35
213.134765625,38,55,93,1.55
214.599609375,21,43,64,1.0666666666666667
216.064453125,27,59,86,1.4333333333333333
217.529296875,24,57,81,1.35
218.994140625,30,54,84,1.4
220.458984375,30,60,90,1.5
221.923828125,17,69,86,1.4333333333333333
223.388671875,27,62,89,1.4833333333333334
224.853515625,27,60,87,1.45
226.318359375,19,59,78,1.3
227.783203125,23,65,88,1.4666666666666666
229.248046875,26,65,91,1.5166666666666666
230.712890625,34,48,82,1.3666666666666667
232.177734375,29,52,81,1.35
233.642578125,18,41,59,0.9833333333333333
235.107421875,36,68,104,1.7333333333333334
236.572265625,25,57,82,1.3666666666666667
238.037109375,22,47,69,1.15
239.501953125,26,48,74,1.2333333333333334
240.966796875,30,50,80,1.3333333333333333
242.431640625,33,47,80,1.3333333333333333
243.896484375,27,44,71,1.1833333333333333
245.361328125,25,44,69,1.15
246.826171875,27,41,68,1.1333333333333333
248.291015625,21,44,65,1.0833333333333333
249.755859375,32,39,71,1.1833333333333333
251.220703125,33,43,76,1.2666666666666666
252.685546875,23,53,76,1.2666666666666666
254.150390625,20,48,68,1.1333333333333333
255.615234375,24,34,58,0.9666666666666667
257.080078125,11,60,71,1.1833333333333333
258.544921875,24,38,62,1.0333333333333334
260.009765625,19,38,57,0.95
261.474609375,30,33,63,1.05
262.939453125,25,50,75,1.25
264.404296875,17,51,68,1.1333333333333333
265.869140625,24,32,56,0.9333333333333333
267.333984375,21,50,71,1.1833333333333333
268.798828125,30,35,65,1.0833333333333333
270.263671875,16,31,47,0.7833333333333333
271.728515625,20,25,45,0.75
273.193359375,28,35,63,1.05
274.658203125,33,37,70,1.1666666666666667
276.123046875,24,40,64,1.0666666666666667
277.587890625,28,40,68,1.1333333333333333
279.052734375,35,32,67,1.1166666666666667
280.517578125,22,32,54,0.9
281.982421875,17,38,55,0.9166666666666666
283.447265625,26,31,57,0.95
284.912109375,19,38,57,0.95
286.376953125,11,27,38,0.6333333333333333
287.841796875,21,31,52,0.8666666666666667
289.306640625,21,26,47,0.7833333333333333
290.771484375,21,33,54,0.9
292.236328125,18,26,44,0.7333333333333333
293.701171875,26,31,57,0.95
295.166015625,21,22,43,0.7166666666666667
296.630859375,25,31,56,0.9333333333333333
298.095703125,24,32,56,0.9333333333333333
299.560546875,31,26,57,0.95
301.025390625,19,37,56,0.9333333333333333
302.490234375,23,35,58,0.9666666666666667
303.955078125,31,20,51,0.85
305.419921875,29,31,60,1.0
306.884765625,34,32,66,1.1
308.349609375,20,31,51,0.85
309.814453125,30,35,65,1.0833333333333333
311.279296875,21,24,45,0.75
312.744140625,19,24,43,0.7166666666666667
314.208984375,25,21,46,0.7666666666666667
315.673828125,21,36,57,0.95
317.138671875,23,36,59,0.9833333333333333
318.603515625,29,30,59,0.9833333333333333
320.068359375,32,27,59,0.9833333333333333
321.533203125,22,31,53,0.8833333333333333
322.998046875,26,24,50,0.8333333333333334
324.462890625,21,32,53,0.8833333333333333
325.927734375,41,25,66,1.1
327.392578125,24,33,57,0.95
328.857421875,30,24,54,0.9
330.322265625,20,30,50,0.8333333333333334
331.787109375,12,25,37,0.6166666666666667
333.251953125,26,15,41,0.6833333333333333
334.716796875,25,30,55,0.9166666666666666
336.181640625,22,29,51,0.85
337.646484375,28,25,53,0.8833333333333333
339.111328125,23,35,58,0.9666666666666667
340.576171875,20,27,47,0.7833333333333333
342.041015625,23,33,56,0.9333333333333333
343.505859375,24,26,50,0.8333333333333334
344.970703125,24,22,46,0.7666666666666667
346.435546875,21,23,44,0.7333333333333333
347.900390625,19,22,41,0.6833333333333333
349.365234375,18,33,51,0.85
350.830078125,20,21,41,0.6833333333333333
352.294921875,16,24,40,0.6666666666666666
353.759765625,26,24,50,0.8333333333333334
355.224609375,34,34,68,1.1333333333333333
356.689453125,12,22,34,0.5666666666666667
358.154296875,27,23,50,0.8333333333333334
359.619140625,28,10,38,0.6333333333333333
361.083984375,26,15,41,0.6833333333333333
362.548828125,22,23,45,0.75
364.013671875,23,22,45,0.75
365.478515625,27,24,51,0.85
366.943359375,18,26,44,0.7333333333333333
368.408203125,22,25,47,0.7833333333333333
369.873046875,18,12,30,0.5
371.337890625,23,11,34,0.5666666666666667
372.802734375,22,9,31,0.5166666666666667
374.267578125,15,14,29,0.48333333333333334
375.732421875,25,15,40,0.6666666666666666
377.197265625,25,14,39,0.65
378.662109375,33,18,51,0.85
380.126953125,22,18,40,0.6666666666666666
381.591796875,18,17,35,0.5833333333333334
383.056640625,24,18,42,0.7
384.521484375,33,16,49,0.8166666666666667
385.986328125,22,13,35,0.5833333333333334
387.451171875,22,28,50,0.8333333333333334
388.916015625,20,13,33,0.55
390.380859375,9,6,15,0.25
391.845703125,17,14,31,0.5166666666666667
393.310546875,10,12,22,0.36666666666666664
394.775390625,29,23,52,0.8666666666666667
396.240234375,30,22,52,0.8666666666666667
397.705078125,30,11,41,0.6833333333333333
399.169921875,26,23,49,0.8166666666666667
400.634765625,27,16,43,0.7166666666666667
402.099609375,20,10,30,0.5
403.564453125,21,10,31,0.5166666666666667
405.029296875,32,16,48,0.8
406.494140625,24,15,39,0.65
407.958984375,29,10,39,0.65
409.423828125,13,15,28,0.4666666666666667
410.888671875,30,9,39,0.65
412.353515625,19,19,38,0.6333333333333333
413.818359375,21,17,38,0.6333333333333333
415.283203125,19,12,31,0.5166666666666667
416.748046875,28,13,41,0.6833333333333333
418.212890625,19,14,33,0.55
419.677734375,14,18,32,0.5333333333333333
421.142578125,28,7,35,0.5833333333333334
422.607421875,26,9,35,0.5833333333333334
424.072265625,25,9,34,0.5666666666666667
425.537109375,23,17,40,0.6666666666666666
427.001953125,29,9,38,0.6333333333333333
428.466796875,22,18,40,0.6666666666666666
429.931640625,23,21,44,0.7333333333333333
431.396484375,31,19,50,0.8333333333333334
432.861328125,21,10,31,0.5166666666666667
434.326171875,27,11,38,0.6333333333333333
435.791015625,12,8,20,0.3333333333333333
437.255859375,26,12,38,0.6333333333333333
438.720703125,26,10,36,0.6
440.185546875,23,15,38,0.6333333333333333
441.650390625,23,12,35,0.5833333333333334
443.115234375,27,9,36,0.6
444.580078125,19,8,27,0.45
446.044921875,28,20,48,0.8
447.509765625,24,19,43,0.7166666666666667
448.974609375,21,15,36,0.6
450.439453125,14,9,23,0.38333333333333336
451.904296875,30,9,39,0.65
453.369140625,18,14,32,0.5333333333333333
454.833984375,22,15,37,0.6166666666666667
456.298828125,27,3,30,0.5
457.763671875,18,5,23,0.38333333333333336
459.228515625,13,7,20,0.3333333333333333
460.693359375,18,14,32,0.5333333333333333
462.158203125,24,6,30,0.5
463.623046875,24,14,38,0.6333333333333333
465.087890625,21,12,33,0.55
466.552734375,38,11,49,0.8166666666666667
468.017578125,24,11,35,0.5833333333333334
469.482421875,35,11,46,0.7666666666666667
470.947265625,22,7,29,0.48333333333333334
472.412109375,29,8,37,0.6166666666666667
473.876953125,19,7,26,0.43333333333333335
475.341796875,22,7,29,0.48333333333333334
476.806640625,21,5,26,0.43333333333333335
478.271484375,26,4,30,0.5
479.736328125,22,6,28,0.4666666666666667
481.201171875,22,8,30,0.5
482.666015625,26,12,38,0.6333333333333333
484.130859375,39,8,47,0.7833333333333333
485.595703125,25,17,42,0.7
487.060546875,31,12,43,0.7166666666666667
488.525390625,21,13,34,0.5666666666666667
489.990234375,22,6,28,0.4666666666666667
491.455078125,23,20,43,0.7166666666666667
492.919921875,26,12,38,0.6333333333333333
494.384765625,25,7,32,0.5333333333333333
495.849609375,31,12,43,0.7166666666666667
497.314453125,26,5,31,0.5166666666666667
498.779296875,15,15,30,0.5
500.244140625,22,4,26,0.43333333333333335
501.708984375,16,9,25,0.4166666666666667
503.173828125,22,11,33,0.55
504.638671875,16,14,30,0.5
506.103515625,19,15,34,0.5666666666666667
507.568359375,21,6,27,0.45
509.033203125,28,13,41,0.6833333333333333
510.498046875,21,10,31,0.5166666666666667
511.962890625,12,10,22,0.36666666666666664
513.427734375,29,9,38,0.6333333333333333
514.892578125,34,10,44,0.7333333333333333
516.357421875,31,14,45,0.75
517.822265625,27,11,38,0.6333333333333333
519.287109375,23,9,32,0.5333333333333333
520.751953125,17,9,26,0.43333333333333335
522.216796875,13,9,22,0.36666666666666664
523.681640625,21,12,33,0.55
525.146484375,17,7,24,0.4
526.611328125,24,12,36,0.6
528.076171875,19,11,30,0.5
529.541015625,17,12,29,0.48333333333333334
531.005859375,33,13,46,0.7666666666666667
532.470703125,18,8,26,0.43333333333333335
533.935546875,29,11,40,0.6666666666666666
535.400390625,23,11,34,0.5666666666666667
536.865234375,22,11,33,0.55
538.330078125,35,8,43,0.7166666666666667
539.794921875,13,10,23,0.38333333333333336
541.259765625,20,10,30,0.5
542.724609375,26,13,39,0.65
544.189453125,20,11,31,0.5166666666666667
545.654296875,23,8,31,0.5166666666666667
547.119140625,21,14,35,0.5833333333333334
548.583984375,15,4,19,0.31666666666666665
550.048828125,20,7,27,0.45
551.513671875,22,11,33,0.55
552.978515625,20,7,27,0.45
554.443359375,23,13,36,0.6
555.908203125,22,6,28,0.4666666666666667
557.373046875,25,9,34,0.5666666666666667
558.837890625,18,8,26,0.43333333333333335
560.302734375,9,7,16,0.26666666666666666
561.767578125,17,8,25,0.4166666666666667
563.232421875,22,13,35,0.5833333333333334
564.697265625,29,18,47,0.7833333333333333
566.162109375,29,9,38,0.6333333333333333
567.626953125,18,9,27,0.45
569.091796875,34,18,52,0.8666666666666667
570.556640625,20,14,34,0.5666666666666667
572.021484375,28,2,30,0.5
573.486328125,18,8,26,0.43333333333333335
574.951171875,27,12,39,0.65
576.416015625,27,19,46,0.7666666666666667
577.880859375,20,15,35,0.5833333333333334
579.345703125,24,12,36,0.6
580.810546875,24,9,33,0.55
582.275390625,17,8,25,0.4166666666666667
583.740234375,25,8,33,0.55
585.205078125,18,9,27,0.45
586.669921875,27,15,42,0.7
588.134765625,20,8,28,0.4666666666666667
589.599609375,31,14,45,0.75
591.064453125,39,11,50,0.8333333333333334
592.529296875,29,12,41,0.6833333333333333
593.994140625,23,11,34,0.5666666666666667
595.458984375,24,22,46,0.7666666666666667
596.923828125,23,16,39,0.65
598.388671875,28,9,37,0.6166666666666667
599.853515625,28,8,36,0.6
601.318359375,25,9,34,0.5666666666666667
602.783203125,29,8,37,0.6166666666666667
604.248046875,22,15,37,0.6166666666666667
605.712890625,20,11,31,0.5166666666666667
607.177734375,21,13,34,0.5666666666666667
608.642578125,24,12,36,0.6
610.107421875,23,4,27,0.45
611.572265625,26,9,35,0.5833333333333334
613.037109375,24,11,35,0.5833333333333334
614.501953125,23,6,29,0.48333333333333334
615.966796875,21,6,27,0.45
617.431640625,26,14,40,0.6666666666666666
618.896484375,22,7,29,0.48333333333333334
620.361328125,29,9,38,0.6333333333333333
621.826171875,25,9,34,0.5666666666666667
623.291015625,29,10,39,0.65
624.755859375,22,6,28,0.4666666666666667
626.220703125,32,6,38,0.6333333333333333
627.685546875,16,5,21,0.35
629.150390625,28,9,37,0.6166666666666667
630.615234375,15,10,25,0.4166666666666667
632.080078125,21,4,25,0.4166666666666667
633.544921875,15,11,26,0.43333333333333335
635.009765625,18,4,22,0.36666666666666664
636.474609375,33,9,42,0.7
637.939453125,23,12,35,0.5833333333333334
639.404296875,26,5,31,0.5166666666666667
640.869140625,25,8,33,0.55
642.333984375,22,8,30,0.5
643.798828125,38,6,44,0.7333333333333333
645.263671875,28,9,37,0.6166666666666667
646.728515625,30,5,35,0.5833333333333334
648.193359375,26,7,33,0.55
649.658203125,23,6,29,0.48333333333333334
651.123046875,30,5,35,0.5833333333333334
652.587890625,22,4,26,0.43333333333333335
654.052734375,24,10,34,0.5666666666666667
655.517578125,22,12,34,0.5666666666666667
656.982421875,13,10,23,0.38333333333333336
658.447265625,26,4,30,0.5
659.912109375,25,8,33,0.55
661.376953125,28,15,43,0.7166666666666667
662.841796875,35,5,40,0.6666666666666666
664.306640625,31,3,34,0.5666666666666667
665.771484375,34,2,36,0.6
667.236328125,22,5,27,0.45
668.701171875,17,6,23,0.38333333333333336
670.166015625,22,4,26,0.43333333333333335
671.630859375,25,6,31,0.5166666666666667
673.095703125,27,2,29,0.48333333333333334
674.560546875,22,8,30,0.5
676.025390625,20,5,25,0.4166666666666667
677.490234375,32,4,36,0.6
678.955078125,23,9,32,0.5333333333333333
680.419921875,19,5,24,0.4
681.884765625,25,7,32,0.5333333333333333
683.349609375,23,3,26,0.43333333333333335
684.814453125,24,10,34,0.5666666666666667
686.279296875,22,6,28,0.4666666666666667
687.744140625,22,7,29,0.48333333333333334
689.208984375,25,4,29,0.48333333333333334
690.673828125,25,13,38,0.6333333333333333
692.138671875,30,8,38,0.6333333333333333
693.603515625,40,7,47,0.7833333333333333
695.068359375,31,4,35,0.5833333333333334
696.533203125,14,11,25,0.4166666666666667
697.998046875,34,1,35,0.5833333333333334
699.462890625,29,5,34,0.5666666666666667
700.927734375,26,2,28,0.4666666666666667
702.392578125,27,3,30,0.5
703.857421875,25,5,30,0.5
705.322265625,31,3,34,0.5666666666666667
706.787109375,24,11,35,0.5833333333333334
708.251953125,34,4,38,0.6333333333333333
709.716796875,28,2,30,0.5
711.181640625,35,8,43,0.7166666666666667
712.646484375,14,5,19,0.31666666666666665
714.111328125,23,5,28,0.4666666666666667
715.576171875,28,5,33,0.55
717.041015625,30,4,34,0.5666666666666667
718.505859375,21,5,26,0.43333333333333335
719.970703125,29,5,34,0.5666666666666667
721.435546875,18,1,19,0.31666666666666665
722.900390625,25,6,31,0.5166666666666667
724.365234375,30,8,38,0.6333333333333333
725.830078125,21,3,24,0.4
727.294921875,24,5,29,0.48333333333333334
728.759765625,35,5,40,0.6666666666666666
730.224609375,21,4,25,0.4166666666666667
731.689453125,38,5,43,0.7166666666666667
733.154296875,16,2,18,0.3
734.619140625,31,2,33,0.55
736.083984375,24,5,29,0.48333333333333334
737.548828125,34,5,39,0.65
739.013671875,27,6,33,0.55
740.478515625,31,1,32,0.5333333333333333
741.943359375,24,4,28,0.4666666666666667
743.408203125,18,5,23,0.38333333333333336
744.873046875,18,6,24,0.4
746.337890625,19,7,26,0.43333333333333335
747.802734375,21,6,27,0.45
749.267578125,17,5,22,0.36666666666666664
750.732421875,23,5,28,0.4666666666666667
752.197265625,27,4,31,0.5166666666666667
753.662109375,22,2,24,0.4
755.126953125,26,3,29,0.48333333333333334
756.591796875,18,6,24,0.4
758.056640625,42,8,50,0.8333333333333334
759.521484375,33,2,35,0.5833333333333334
760.986328125,33,4,37,0.6166666666666667
762.451171875,32,6,38,0.6333333333333333
763.916015625,17,5,22,0.36666666666666664
765.380859375,24,3,27,0.45
766.845703125,26,4,30,0.5
768.310546875,25,5,30,0.5
769.775390625,28,3,31,0.5166666666666667
771.240234375,34,4,38,0.6333333333333333
772.705078125,23,2,25,0.4166666666666667
774.169921875,24,3,27,0.45
775.634765625,27,2,29,0.48333333333333334
777.099609375,49,3,52,0.8666666666666667
778.564453125,37,8,45,0.75
780.029296875,31,7,38,0.6333333333333333
781.494140625,18,4,22,0.36666666666666664
782.958984375,24,4,28,0.4666666666666667
784.423828125,25,4,29,0.48333333333333334
785.888671875,38,5,43,0.7166666666666667
787.353515625,32,4,36,0.6
788.818359375,30,5,35,0.5833333333333334
790.283203125,25,4,29,0.48333333333333334
791.748046875,32,1,33,0.55
793.212890625,26,10,36,0.6
794.677734375,38,5,43,0.7166666666666667
796.142578125,21,2,23,0.38333333333333336
797.607421875,32,2,34,0.5666666666666667
799.072265625,33,5,38,0.6333333333333333
800.537109375,38,5,43,0.7166666666666667
802.001953125,33,4,37,0.6166666666666667
803.466796875,33,7,40,0.6666666666666666
804.931640625,37,5,42,0.7
806.396484375,41,2,43,0.7166666666666667
807.861328125,36,4,40,0.6666666666666666
809.326171875,31,1,32,0.5333333333333333
810.791015625,21,3,24,0.4
812.255859375,24,4,28,0.4666666666666667
813.720703125,31,2,33,0.55
815.185546875,38,1,39,0.65
816.650390625,33,2,35,0.5833333333333334
818.115234375,33,3,36,0.6
819.580078125,13,3,16,0.26666666666666666
821.044921875,22,2,24,0.4
822.509765625,24,12,36,0.6
823.974609375,37,5,42,0.7
825.439453125,34,5,39,0.65
826.904296875,25,4,29,0.48333333333333334
828.369140625,28,4,32,0.5333333333333333
829.833984375,25,2,27,0.45
831.298828125,20,4,24,0.4
832.763671875,33,7,40,0.6666666666666666
834.228515625,21,5,26,0.43333333333333335
835.693359375,37,4,41,0.6833333333333333
837.158203125,20,5,25,0.4166666666666667
838.623046875,30,6,36,0.6
840.087890625,32,8,40,0.6666666666666666
841.552734375,29,4,33,0.55
843.017578125,29,2,31,0.5166666666666667
844.482421875,34,5,39,0.65
845.947265625,28,3,31,0.5166666666666667
847.412109375,39,1,40,0.6666666666666666
848.876953125,28,4,32,0.5333333333333333
850.341796875,46,7,53,0.8833333333333333
851.806640625,23,10,33,0.55
853.271484375,29,7,36,0.6
854.736328125,31,3,34,0.5666666666666667
856.201171875,34,3,37,0.6166666666666667
857.666015625,31,3,34,0.5666666666666667
859.130859375,23,1,24,0.4
860.595703125,30,3,33,0.55
862.060546875,32,6,38,0.6333333333333333
863.525390625,38,1,39,0.65
864.990234375,34,4,38,0.6333333333333333
866.455078125,31,5,36,0.6
867.919921875,34,5,39,0.65
869.384765625,30,4,34,0.5666666666666667
870.849609375,24,2,26,0.43333333333333335
872.314453125,34,7,41,0.6833333333333333
873.779296875,35,2,37,0.6166666666666667
875.244140625,28,6,34,0.5666666666666667
876.708984375,38,5,43,0.7166666666666667
878.173828125,34,2,36,0.6
879.638671875,35,4,39,0.65
881.103515625,24,4,28,0.4666666666666667
882.568359375,36,5,41,0.6833333333333333
884.033203125,27,3,30,0.5
885.498046875,42,5,47,0.7833333333333333
886.962890625,36,5,41,0.6833333333333333
888.427734375,34,4,38,0.6333333333333333
889.892578125,27,5,32,0.5333333333333333
891.357421875,25,7,32,0.5333333333333333
892.822265625,38,3,41,0.6833333333333333
894.287109375,31,7,38,0.6333333333333333
895.751953125,30,3,33,0.55
897.216796875,35,7,42,0.7
898.681640625,33,6,39,0.65
900.146484375,28,2,30,0.5
901.611328125,22,1,23,0.38333333333333336
903.076171875,34,5,39,0.65
904.541015625,30,6,36,0.6
906.005859375,37,2,39,0.65
907.470703125,41,6,47,0.7833333333333333
908.935546875,28,9,37,0.6166666666666667
910.400390625,27,6,33,0.55
911.865234375,36,0,36,0.6
913.330078125,35,5,40,0.6666666666666666
914.794921875,30,2,32,0.5333333333333333
916.259765625,19,3,22,0.36666666666666664
917.724609375,30,7,37,0.6166666666666667
919.189453125,23,3,26,0.43333333333333335
920.654296875,43,4,47,0.7833333333333333
922.119140625,35,4,39,0.65
923.583984375,25,1,26,0.43333333333333335
925.048828125,46,6,52,0.8666666666666667
926.513671875,33,3,36,0.6
927.978515625,29,4,33,0.55
929.443359375,36,5,41,0.6833333333333333
930.908203125,29,7,36,0.6
932.373046875,20,3,23,0.38333333333333336
933.837890625,44,5,49,0.8166666666666667
935.302734375,33,5,38,0.6333333333333333
936.767578125,44,3,47,0.7833333333333333
938.232421875,38,4,42,0.7
939.697265625,46,3,49,0.8166666666666667
941.162109375,40,5,45,0.75
942.626953125,33,4,37,0.6166666666666667
944.091796875,36,3,39,0.65
945.556640625,44,7,51,0.85
947.021484375,40,7,47,0.7833333333333333
948.486328125,29,2,31,0.5166666666666667
949.951171875,29,3,32,0.5333333333333333
951.416015625,34,1,35,0.5833333333333334
952.880859375,30,3,33,0.55
954.345703125,41,5,46,0.7666666666666667
955.810546875,34,7,41,0.6833333333333333
957.275390625,28,3,31,0.5166666666666667
958.740234375,25,2,27,0.45
960.205078125,37,2,39,0.65
961.669921875,23,3,26,0.43333333333333335
963.134765625,27,4,31,0.5166666666666667
964.599609375,39,5,44,0.7333333333333333
966.064453125,27,3,30,0.5
967.529296875,38,6,44,0.7333333333333333
968.994140625,23,0,23,0.38333333333333336
970.458984375,38,4,42,0.7
971.923828125,25,4,29,0.48333333333333334
973.388671875,22,2,24,0.4
974.853515625,24,2,26,0.43333333333333335
976.318359375,19,5,24,0.4
977.783203125,19,5,24,0.4
979.248046875,22,2,24,0.4
980.712890625,26,0,26,0.43333333333333335
982.177734375,15,3,18,0.3
983.642578125,20,3,23,0.38333333333333336
985.107421875,40,4,44,0.7333333333333333
986.572265625,15,1,16,0.26666666666666666
988.037109375,25,1,26,0.43333333333333335
989.501953125,25,2,27,0.45
990.966796875,20,2,22,0.36666666666666664
992.431640625,37,3,40,0.6666666666666666
993.896484375,24,1,25,0.4166666666666667
995.361328125,21,7,28,0.4666666666666667
996.826171875,23,0,23,0.38333333333333336
998.291015625,25,5,30,0.5
999.755859375,29,3,32,0.5333333333333333
1001.220703125,27,5,32,0.5333333333333333
1002.685546875,25,1,26,0.43333333333333335
1004.150390625,26,4,30,0.5
1005.615234375,19,3,22,0.36666666666666664
1007.080078125,28,0,28,0.4666666666666667
1008.544921875,21,6,27,0.45
1010.009765625,25,1,26,0.43333333333333335
1011.474609375,21,4,25,0.4166666666666667
1012.939453125,26,3,29,0.48333333333333334
1014.404296875,22,2,24,0.4
1015.869140625,26,1,27,0.45
1017.333984375,19,2,21,0.35
1018.798828125,19,2,21,0.35
1020.263671875,21,2,23,0.38333333333333336
1021.728515625,26,4,30,0.5
1023.193359375,17,2,19,0.31666666666666665
1024.658203125,19,0,19,0.31666666666666665
1026.123046875,32,3,35,0.5833333333333334
1027.587890625,27,4,31,0.5166666666666667
1029.052734375,23,3,26,0.43333333333333335
1030.517578125,20,3,23,0.38333333333333336
1031.982421875,21,0,21,0.35
1033.447265625,33,2,35,0.5833333333333334
1034.912109375,25,4,29,0.48333333333333334
1036.376953125,22,1,23,0.38333333333333336
1037.841796875,27,2,29,0.48333333333333334
1039.306640625,19,4,23,0.38333333333333336
1040.771484375,18,2,20,0.3333333333333333
1042.236328125,20,2,22,0.36666666666666664
1043.701171875,22,1,23,0.38333333333333336
1045.166015625,19,0,19,0.31666666666666665
1046.630859375,26,1,27,0.45
1048.095703125,17,1,18,0.3
1049.560546875,19,4,23,0.38333333333333336
1051.025390625,13,5,18,0.3
1052.490234375,17,4,21,0.35
1053.955078125,17,1,18,0.3
1055.419921875,17,3,20,0.3333333333333333
1056.884765625,16,1,17,0.2833333333333333
1058.349609375,20,3,23,0.38333333333333336
1059.814453125,20,3,23,0.38333333333333336
1061.279296875,19,6,25,0.4166666666666667
1062.744140625,22,1,23,0.38333333333333336
1064.208984375,22,3,25,0.4166666666666667
1065.673828125,22,0,22,0.36666666666666664
1067.138671875,23,0,23,0.38333333333333336
1068.603515625,28,1,29,0.48333333333333334
1070.068359375,24,1,25,0.4166666666666667
1071.533203125,10,4,14,0.23333333333333334
1072.998046875,22,4,26,0.43333333333333335
1074.462890625,21,4,25,0.4166666666666667
1075.927734375,31,1,32,0.5333333333333333
1077.392578125,24,2,26,0.43333333333333335
1078.857421875,20,7,27,0.45
1080.322265625,20,4,24,0.4
1081.787109375,25,5,30,0.5
1083.251953125,15,1,16,0.26666666666666666
1084.716796875,29,0,29,0.48333333333333334
1086.181640625,29,2,31,0.5166666666666667
1087.646484375,13,3,16,0.26666666666666666
1089.111328125,17,2,19,0.31666666666666665
1090.576171875,12,3,15,0.25
1092.041015625,26,8,34,0.5666666666666667
1093.505859375,18,3,21,0.35
1094.970703125,19,1,20,0.3333333333333333
1096.435546875,24,5,29,0.48333333333333334
1097.900390625,24,4,28,0.4666666666666667
1099.365234375,20,2,22,0.36666666666666664
1100.830078125,24,1,25,0.4166666666666667
1102.294921875,24,1,25,0.4166666666666667
1103.759765625,23,5,28,0.4666666666666667
1105.224609375,12,5,17,0.2833333333333333
1106.689453125,24,2,26,0.43333333333333335
1108.154296875,27,7,34,0.5666666666666667
1109.619140625,18,1,19,0.31666666666666665
1111.083984375,33,1,34,0.5666666666666667
1112.548828125,32,7,39,0.65
1114.013671875,37,7,44,0.7333333333333333
1115.478515625,33,2,35,0.5833333333333334
1116.943359375,25,2,27,0.45
1118.408203125,38,4,42,0.7
1119.873046875,32,2,34,0.5666666666666667
1121.337890625,41,3,44,0.7333333333333333
1122.802734375,36,4,40,0.6666666666666666
1124.267578125,41,4,45,0.75
1125.732421875,38,4,42,0.7
1127.197265625,31,5,36,0.6
1128.662109375,37,2,39,0.65
1130.126953125,56,9,65,1.0833333333333333
1131.591796875,64,3,67,1.1166666666666667
1133.056640625,55,3,58,0.9666666666666667
1134.521484375,54,5,59,0.9833333333333333
1135.986328125,57,2,59,0.9833333333333333
1137.451171875,65,0,65,1.0833333333333333
1138.916015625,76,2,78,1.3
1140.380859375,72,5,77,1.2833333333333334
1141.845703125,55,6,61,1.0166666666666666
1143.310546875,100,2,102,1.7
1144.775390625,79,6,85,1.4166666666666667
1146.240234375,97,3,100,1.6666666666666667
1147.705078125,95,5,100,1.6666666666666667
1149.169921875,92,3,95,1.5833333333333333
1150.634765625,88,4,92,1.5333333333333334
1152.099609375,102,2,104,1.7333333333333334
1153.564453125,77,0,77,1.2833333333333334
1155.029296875,100,2,102,1.7
1156.494140625,117,3,120,2.0
1157.958984375,96,1,97,1.6166666666666667
1159.423828125,115,2,117,1.95
1160.888671875,108,1,109,1.8166666666666667
1162.353515625,112,4,116,1.9333333333333333
1163.818359375,105,3,108,1.8
1165.283203125,111,1,112,1.8666666666666667
1166.748046875,108,1,109,1.8166666666666667
1168.212890625,123,4,127,2.1166666666666667
1169.677734375,125,3,128,2.1333333333333333
1171.142578125,93,1,94,1.5666666666666667
1172.607421875,126,1,127,2.1166666666666667
1174.072265625,114,4,118,1.9666666666666666
1175.537109375,127,1,128,2.1333333333333333
1177.001953125,114,2,116,1.9333333333333333
1178.466796875,124,1,125,2.0833333333333335
1179.931640625,111,3,114,1.9
1181.396484375,109,1,110,1.8333333333333333
1182.861328125,122,4,126,2.1
1184.326171875,99,4,103,1.7166666666666666
1185.791015625,120,0,120,2.0
1187.255859375,99,1,100,1.6666666666666667
1188.720703125,106,2,108,1.8
1190.185546875,93,1,94,1.5666666666666667
1191.650390625,84,3,87,1.45
1193.115234375,95,5,100,1.6666666666666667
1194.580078125,79,1,80,1.3333333333333333
1196.044921875,78,1,79,1.3166666666666667
1197.509765625,72,2,74,1.2333333333333334
1198.974609375,69,2,71,1.1833333333333333
1200.439453125,63,3,66,1.1
1201.904296875,76,3,79,1.3166666666666667
1203.369140625,65,1,66,1.1
1204.833984375,84,1,85,1.4166666666666667
1206.298828125,60,3,63,1.05
1207.763671875,53,1,54,0.9
1209.228515625,60,0,60,1.0
1210.693359375,44,2,46,0.7666666666666667
1212.158203125,48,0,48,0.8
1213.623046875,50,1,51,0.85
1215.087890625,45,3,48,0.8
1216.552734375,38,2,40,0.6666666666666666
1218.017578125,38,2,40,0.6666666666666666
1219.482421875,33,2,35,0.5833333333333334
1220.947265625,38,1,39,0.65
1222.412109375,21,0,21,0.35
1223.876953125,28,3,31,0.5166666666666667
1225.341796875,36,3,39,0.65
1226.806640625,26,2,28,0.4666666666666667
1228.271484375,31,1,32,0.5333333333333333
1229.736328125,14,1,15,0.25
1231.201171875,16,1,17,0.2833333333333333
1232.666015625,12,0,12,0.2
1234.130859375,12,2,14,0.23333333333333334
1235.595703125,14,2,16,0.26666666666666666
1237.060546875,8,4,12,0.2
1238.525390625,8,2,10,0.16666666666666666
1239.990234375,6,2,8,0.13333333333333333
1241.455078125,6,0,6,0.1
1242.919921875,11,4,15,0.25
1244.384765625,11,4,15,0.25
1245.849609375,16,2,18,0.3
1247.314453125,19,3,22,0.36666666666666664
1248.779296875,14,1,15,0.25
1250.244140625,2,2,4,0.06666666666666667
1251.708984375,12,0,12,0.2
1253.173828125,9,3,12,0.2
1254.638671875,6,3,9,0.15
1256.103515625,1,3,4,0.06666666666666667
1257.568359375,8,6,14,0.23333333333333334
1259.033203125,8,1,9,0.15
1260.498046875,18,3,21,0.35
1261.962890625,13,2,15,0.25
1263.427734375,17,1,18,0.3
1264.892578125,12,1,13,0.21666666666666667
1266.357421875,16,0,16,0.26666666666666666
1267.822265625,16,1,17,0.2833333333333333
1269.287109375,25,1,26,0.43333333333333335
1270.751953125,8,0,8,0.13333333333333333
1272.216796875,22,2,24,0.4
1273.681640625,20,0,20,0.3333333333333333
1275.146484375,26,3,29,0.48333333333333334
1276.611328125,19,2,21,0.35
1278.076171875,29,0,29,0.48333333333333334
1279.541015625,40,0,40,0.6666666666666666
1281.005859375,27,0,27,0.45
1282.470703125,17,2,19,0.31666666666666665
1283.935546875,37,0,37,0.6166666666666667
1285.400390625,33,0,33,0.55
1286.865234375,36,2,38,0.6333333333333333
1288.330078125,34,2,36,0.6
1289.794921875,45,0,45,0.75
1291.259765625,52,2,54,0.9
1292.724609375,44,2,46,0.7666666666666667
1294.189453125,44,1,45,0.75
1295.654296875,40,1,41,0.6833333333333333
1297.119140625,40,1,41,0.6833333333333333
1298.583984375,56,2,58,0.9666666666666667
1300.048828125,47,1,48,0.8
1301.513671875,56,2,58,0.9666666666666667
1302.978515625,64,3,67,1.1166666666666667
1304.443359375,61,0,61,1.0166666666666666
1305.908203125,71,2,73,1.2166666666666666
1307.373046875,71,2,73,1.2166666666666666
1308.837890625,64,0,64,1.0666666666666667
1310.302734375,98,0,98,1.6333333333333333
1311.767578125,68,2,70,1.1666666666666667
1313.232421875,57,0,57,0.95
1314.697265625,75,2,77,1.2833333333333334
1316.162109375,93,2,95,1.5833333333333333
1317.626953125,87,3,90,1.5
1319.091796875,92,0,92,1.5333333333333334
1320.556640625,76,2,78,1.3
1322.021484375,85,3,88,1.4666666666666666
1323.486328125,89,3,92,1.5333333333333334
1324.951171875,76,0,76,1.2666666666666666
1326.416015625,97,0,97,1.6166666666666667
1327.880859375,106,2,108,1.8
1329.345703125,90,2,92,1.5333333333333334
1330.810546875,97,2,99,1.65
1332.275390625,103,0,103,1.7166666666666666
1333.740234375,99,1,100,1.6666666666666667
1335.205078125,87,4,91,1.5166666666666666
1336.669921875,93,3,96,1.6
1338.134765625,98,2,100,1.6666666666666667
1339.599609375,82,2,84,1.4
1341.064453125,73,0,73,1.2166666666666666
1342.529296875,91,1,92,1.5333333333333334
1343.994140625,89,2,91,1.5166666666666666
1345.458984375,78,0,78,1.3
1346.923828125,79,0,79,1.3166666666666667
1348.388671875,73,3,76,1.2666666666666666
1349.853515625,86,1,87,1.45
1351.318359375,75,1,76,1.2666666666666666
1352.783203125,80,0,80,1.3333333333333333
1354.248046875,65,0,65,1.0833333333333333
1355.712890625,63,2,65,1.0833333333333333
1357.177734375,69,5,74,1.2333333333333334
1358.642578125,65,1,66,1.1
1360.107421875,48,2,50,0.8333333333333334
1361.572265625,64,0,64,1.0666666666666667
1363.037109375,59,4,63,1.05
1364.501953125,56,0,56,0.9333333333333333
1365.966796875,46,2,48,0.8
1367.431640625,57,2,59,0.9833333333333333
1368.896484375,57,2,59,0.9833333333333333
1370.361328125,41,3,44,0.7333333333333333
1371.826171875,40,3,43,0.7166666666666667
1373.291015625,37,1,38,0.6333333333333333
1374.755859375,36,3,39,0.65
1376.220703125,38,2,40,0.6666666666666666
1377.685546875,40,1,41,0.6833333333333333
1379.150390625,44,3,47,0.7833333333333333
1380.615234375,36,3,39,0.65
1382.080078125,16,4,20,0.3333333333333333
1383.544921875,28,3,31,0.5166666666666667
1385.009765625,21,2,23,0.38333333333333336
1386.474609375,26,0,26,0.43333333333333335
1387.939453125,36,1,37,0.6166666666666667
1389.404296875,12,4,16,0.26666666666666666
1390.869140625,22,1,23,0.38333333333333336
1392.333984375,22,5,27,0.45
1393.798828125,21,4,25,0.4166666666666667
1395.263671875,24,4,28,0.4666666666666667
1396.728515625,12,4,16,0.26666666666666666
1398.193359375,10,4,14,0.23333333333333334
1399.658203125,13,4,17,0.2833333333333333
1401.123046875,8,5,13,0.21666666666666667
1402.587890625,7,5,12,0.2
1404.052734375,8,6,14,0.23333333333333334
1405.517578125,4,1,5,0.08333333333333333
1406.982421875,7,6,13,0.21666666666666667
1408.447265625,5,4,9,0.15
1409.912109375,3,8,11,0.18333333333333332
1411.376953125,1,4,5,0.08333333333333333
1412.841796875,6,4,10,0.16666666666666666
1414.306640625,3,4,7,0.11666666666666667
1415.771484375,4,2,6,0.1
1417.236328125,4,6,10,0.16666666666666666
1418.701171875,3,6,9,0.15
1420.166015625,1,5,6,0.1
1421.630859375,4,5,9,0.15
1423.095703125,1,5,6,0.1
1424.560546875,1,10,11,0.18333333333333332
1426.025390625,2,3,5,0.08333333333333333
1427.490234375,2,4,6,0.1
1428.955078125,0,8,8,0.13333333333333333
1430.419921875,1,6,7,0.11666666666666667
1431.884765625,1,5,6,0.1
1433.349609375,0,3,3,0.05
1434.814453125,0,4,4,0.06666666666666667
1436.279296875,0,5,5,0.08333333333333333
1437.744140625,0,2,2,0.03333333333333333
1439.208984375,1,7,8,0.13333333333333333
1440.673828125,2,3,5,0.08333333333333333
1442.138671875,1,6,7,0.11666666666666667
1443.603515625,0,3,3,0.05
1445.068359375,0,5,5,0.08333333333333333
1446.533203125,0,6,6,0.1
1447.998046875,0,4,4,0.06666666666666667
1449.462890625,0,4,4,0.06666666666666667
1450.927734375,0,1,1,0.016666666666666666
1452.392578125,0,0,0,0.0
1453.857421875,0,5,5,0.08333333333333333
1455.322265625,0,4,4,0.06666666666666667
1456.787109375,0,7,7,0.11666666666666667
1458.251953125,0,8,8,0.13333333333333333
1459.716796875,0,8,8,0.13333333333333333
1461.181640625,0,5,5,0.08333333333333333
1462.646484375,0,7,7,0.11666666666666667
1464.111328125,0,3,3,0.05
1465.576171875,0,5,5,0.08333333333333333
1467.041015625,0,3,3,0.05
1468.505859375,0,5,5,0.08333333333333333
1469.970703125,0,4,4,0.06666666666666667
1471.435546875,0,1,1,0.016666666666666666
1472.900390625,0,4,4,0.06666666666666667
1474.365234375,0,3,3,0.05
1475.830078125,0,3,3,0.05
1477.294921875,0,1,1,0.016666666666666666
1478.759765625,0,3,3,0.05
1480.224609375,0,12,12,0.2
1481.689453125,0,1,1,0.016666666666666666
1483.154296875,0,3,3,0.05
1484.619140625,0,3,3,0.05
1486.083984375,0,0,0,0.0
1487.548828125,0,0,0,0.0
1489.013671875,0,2,2,0.03333333333333333
1490.478515625,0,0,0,0.0
1491.943359375,0,1,1,0.016666666666666666
1493.408203125,0,2,2,0.03333333333333333
1494.873046875,0,2,2,0.03333333333333333
1496.337890625,0,0,0,0.0
1497.802734375,0,2,2,0.03333333333333333
1499.267578125,0,1,1,0.016666666666666666
1500.732421875,0,0,0,0.0
1502.197265625,0,4,4,0.06666666666666667
1503.662109375,0,0,0,0.0
1505.126953125,0,0,0,0.0
1506.591796875,0,0,0,0.0
1508.056640625,0,1,1,0.016666666666666666
1509.521484375,0,3,3,0.05
1510.986328125,0,0,0,0.0
1512.451171875,0,2,2,0.03333333333333333
1513.916015625,0,0,0,0.0
1515.380859375,0,0,0,0.0
1516.845703125,0,1,1,0.016666666666666666
1518.310546875,0,2,2,0.03333333333333333
1519.775390625,0,3,3,0.05
1521.240234375,0,0,0,0.0
1522.705078125,0,0,0,0.0
1524.169921875,0,1,1,0.016666666666666666
1525.634765625,0,1,1,0.016666666666666666
1527.099609375,0,0,0,0.0
1528.564453125,0,0,0,0.0
1530.029296875,0,2,2,0.03333333333333333
1531.494140625,0,2,2,0.03333333333333333
1532.958984375,0,0,0,0.0
1534.423828125,0,1,1,0.016666666666666666
1535.888671875,0,0,0,0.0
1537.353515625,0,0,0,0.0
1538.818359375,0,2,2,0.03333333333333333
1540.283203125,0,1,1,0.016666666666666666
1541.748046875,0,1,1,0.016666666666666666
1543.212890625,0,2,2,0.03333333333333333
1544.677734375,0,0,0,0.0
1546.142578125,0,0,0,0.0
1547.607421875,0,1,1,0.016666666666666666
1549.072265625,0,2,2,0.03333333333333333
1550.537109375,0,1,1,0.016666666666666666
1552.001953125,0,2,2,0.03333333333333333
1553.466796875,0,1,1,0.016666666666666666
1554.931640625,0,1,1,0.016666666666666666
1556.396484375,0,0,0,0.0
1557.861328125,0,2,2,0.03333333333333333
1559.326171875,0,0,0,0.0
1560.791015625,0,0,0,0.0
1562.255859375,0,0,0,0.0
1563.720703125,0,0,0,0.0
1565.185546875,0,1,1,0.016666666666666666
1566.650390625,0,1,1,0.016666666666666666
1568.115234375,0,1,1,0.016666666666666666
1569.580078125,0,0,0,0.0
1571.044921875,0,1,1,0.016666666666666666
1572.509765625,0,1,1,0.016666666666666666
1573.974609375,0,1,1,0.016666666666666666
1575.439453125,0,0,0,0.0
1576.904296875,0,1,1,0.016666666666666666
1578.369140625,0,0,0,0.0
1579.833984375,0,1,1,0.016666666666666666
1581.298828125,0,0,0,0.0
1582.763671875,0,0,0,0.0
1584.228515625,0,0,0,0.0
1585.693359375,0,3,3,0.05
1587.158203125,0,0,0,0.0
1588.623046875,0,0,0,0.0
1590.087890625,0,1,1,0.016666666666666666
1591.552734375,0,2,2,0.03333333333333333
1593.017578125,0,2,2,0.03333333333333333
1594.482421875,0,0,0,0.0
1595.947265625,0,1,1,0.016666666666666666
1597.412109375,0,1,1,0.016666666666666666
1598.876953125,0,0,0,0.0
1600.341796875,0,0,0,0.0
1601.806640625,0,0,0,0.0
1603.271484375,0,0,0,0.0
1604.736328125,0,2,2,0.03333333333333333
1606.201171875,0,0,0,0.0
1607.666015625,0,0,0,0.0
1609.130859375,0,0,0,0.0
1610.595703125,0,2,2,0.03333333333333333
1612.060546875,0,3,3,0.05
1613.525390625,0,0,0,0.0
1614.990234375,0,1,1,0.016666666666666666
1616.455078125,0,0,0,0.0
1617.919921875,0,6,6,0.1
1619.384765625,0,0,0,0.0
1620.849609375,0,0,0,0.0
1622.314453125,0,0,0,0.0
1623.779296875,0,0,0,0.0
1625.244140625,0,0,0,0.0
1626.708984375,0,1,1,0.016666666666666666
1628.173828125,0,1,1,0.016666666666666666
1629.638671875,0,3,3,0.05
1631.103515625,0,2,2,0.03333333333333333
1632.568359375,0,1,1,0.016666666666666666
1634.033203125,0,2,2,0.03333333333333333
1635.498046875,0,0,0,0.0
1636.962890625,0,0,0,0.0
1638.427734375,0,0,0,0.0
1639.892578125,0,0,0,0.0
1641.357421875,0,0,0,0.0
1642.822265625,0,1,1,0.016666666666666666
1644.287109375,0,0,0,0.0
1645.751953125,0,3,3,0.05
1647.216796875,0,3,3,0.05
1648.681640625,0,1,1,0.016666666666666666
1650.146484375,0,1,1,0.016666666666666666
1651.611328125,0,0,0,0.0
1653.076171875,0,0,0,0.0
1654.541015625,0,1,1,0.016666666666666666
1656.005859375,0,0,0,0.0
1657.470703125,0,1,1,0.016666666666666666
1658.935546875,0,2,2,0.03333333333333333
1660.400390625,0,2,2,0.03333333333333333
1661.865234375,0,2,2,0.03333333333333333
1663.330078125,0,0,0,0.0
1664.794921875,0,0,0,0.0
1666.259765625,0,0,0,0.0
1667.724609375,0,0,0,0.0
1669.189453125,0,1,1,0.016666666666666666
1670.654296875,0,2,2,0.03333333333333333
1672.119140625,0,0,0,0.0
1673.583984375,0,2,2,0.03333333333333333
1675.048828125,0,2,2,0.03333333333333333
1676.513671875,0,1,1,0.016666666666666666
1677.978515625,0,2,2,0.03333333333333333
1679.443359375,0,4,4,0.06666666666666667
1680.908203125,0,1,1,0.016666666666666666
1682.373046875,0,0,0,0.0
1683.837890625,0,0,0,0.0
1685.302734375,0,0,0,0.0
1686.767578125,0,3,3,0.05
1688.232421875,0,2,2,0.03333333333333333
1689.697265625,0,1,1,0.016666666666666666
1691.162109375,0,1,1,0.016666666666666666
1692.626953125,0,0,0,0.0
1694.091796875,0,0,0,0.0
1695.556640625,0,2,2,0.03333333333333333
1697.021484375,0,1,1,0.016666666666666666
1698.486328125,0,0,0,0.0
1699.951171875,0,0,0,0.0
1701.416015625,0,1,1,0.016666666666666666
1702.880859375,0,1,1,0.016666666666666666
1704.345703125,0,0,0,0.0
1705.810546875,0,2,2,0.03333333333333333
1707.275390625,0,0,0,0.0
1708.740234375,0,0,0,0.0
1710.205078125,0,2,2,0.03333333333333333
1711.669921875,0,2,2,0.03333333333333333
1713.134765625,0,1,1,0.016666666666666666
1714.599609375,0,2,2,0.03333333333333333
1716.064453125,0,2,2,0.03333333333333333
1717.529296875,0,0,0,0.0
1718.994140625,0,0,0,0.0
1720.458984375,0,1,1,0.016666666666666666
1721.923828125,0,4,4,0.06666666666666667
1723.388671875,0,2,2,0.03333333333333333
1724.853515625,0,1,1,0.016666666666666666
1726.318359375,0,0,0,0.0
1727.783203125,0,0,0,0.0
1729.248046875,0,2,2,0.03333333333333333
1730.712890625,0,0,0,0.0
1732.177734375,0,1,1,0.016666666666666666
1733.642578125,0,0,0,0.0
1735.107421875,0,3,3,0.05
1736.572265625,0,1,1,0.016666666666666666
1738.037109375,0,2,2,0.03333333333333333
1739.501953125,0,0,0,0.0
1740.966796875,0,0,0,0.0
1742.431640625,0,0,0,0.0
1743.896484375,0,0,0,0.0
1745.361328125,0,1,1,0.016666666666666666
1746.826171875,0,1,1,0.016666666666666666
1748.291015625,0,0,0,0.0
1749.755859375,0,0,0,0.0
1751.220703125,0,0,0,0.0
1752.685546875,0,1,1,0.016666666666666666
1754.150390625,0,0,0,0.0
1755.615234375,0,1,1,0.016666666666666666
1757.080078125,0,0,0,0.0
1758.544921875,0,3,3,0.05
1760.009765625,0,0,0,0.0
1761.474609375,0,1,1,0.016666666666666666
1762.939453125,0,1,1,0.016666666666666666
1764.404296875,0,1,1,0.016666666666666666
1765.869140625,0,0,0,0.0
1767.333984375,0,2,2,0.03333333333333333
1768.798828125,0,2,2,0.03333333333333333
1770.263671875,0,2,2,0.03333333333333333
1771.728515625,0,0,0,0.0
1773.193359375,0,1,1,0.016666666666666666
1774.658203125,0,0,0,0.0
1776.123046875,0,0,0,0.0
1777.587890625,0,0,0,0.0
1779.052734375,0,2,2,0.03333333333333333
1780.517578125,0,0,0,0.0
1781.982421875,0,1,1,0.016666666666666666
1783.447265625,0,0,0,0.0
1784.912109375,0,0,0,0.0
1786.376953125,0,0,0,0.0
1787.841796875,0,0,0,0.0
1789.306640625,0,0,0,0.0
1790.771484375,0,1,1,0.016666666666666666
1792.236328125,0,1,1,0.016666666666666666
1793.701171875,0,2,2,0.03333333333333333
1795.166015625,0,0,0,0.0
1796.630859375,0,1,1,0.016666666666666666
1798.095703125,0,1,1,0.016666666666666666
1799.560546875,0,0,0,0.0
1801.025390625,0,0,0,0.0
1802.490234375,0,0,0,0.0
1803.955078125,0,0,0,0.0
1805.419921875,0,0,0,0.0
1806.884765625,0,0,0,0.0
1808.349609375,0,0,0,0.0
1809.814453125,0,0,0,0.0
1811.279296875,0,0,0,0.0
1812.744140625,0,0,0,0.0
1814.208984375,0,1,1,0.016666666666666666
1815.673828125,0,0,0,0.0
1817.138671875,0,0,0,0.0
1818.603515625,0,0,0,0.0
1820.068359375,0,0,0,0.0
1821.533203125,0,0,0,0.0
1822.998046875,0,3,3,0.05
1824.462890625,0,0,0,0.0
1825.927734375,0,0,0,0.0
1827.392578125,0,0,0,0.0
1828.857421875,0,0,0,0.0
1830.322265625,0,1,1,0.016666666666666666
1831.787109375,0,0,0,0.0
1833.251953125,0,1,1,0.016666666666666666
1834.716796875,0,1,1,0.016666666666666666
1836.181640625,0,1,1,0.016666666666666666
1837.646484375,0,0,0,0.0
1839.111328125,0,0,0,0.0
1840.576171875,0,1,1,0.016666666666666666
1842.041015625,0,0,0,0.0
1843.505859375,0,0,0,0.0
1844.970703125,0,1,1,0.016666666666666666
1846.435546875,0,0,0,0.0
1847.900390625,0,0,0,0.0
1849.365234375,0,0,0,0.0
1850.830078125,0,0,0,0.0
1852.294921875,0,0,0,0.0
1853.759765625,0,0,0,0.0
1855.224609375,0,1,1,0.016666666666666666
1856.689453125,0,0,0,0.0
1858.154296875,0,0,0,0.0
1859.619140625,0,0,0,0.0
1861.083984375,0,0,0,0.0
1862.548828125,0,0,0,0.0
1864.013671875,0,0,0,0.0
1865.478515625,0,0,0,0.0
1866.943359375,0,0,0,0.0
1868.408203125,0,0,0,0.0
1869.873046875,0,0,0,0.0
1871.337890625,0,0,0,0.0
1872.802734375,0,0,0,0.0
1874.267578125,0,0,0,0.0
1875.732421875,0,0,0,0.0
1877.197265625,0,1,1,0.016666666666666666
1878.662109375,0,0,0,0.0
1880.126953125,0,0,0,0.0
1881.591796875,0,0,0,0.0
1883.056640625,0,0,0,0.0
1884.521484375,0,0,0,0.0
1885.986328125,0,1,1,0.016666666666666666
1887.451171875,0,0,0,0.0
1888.916015625,0,1,1,0.016666666666666666
1890.380859375,0,1,1,0.016666666666666666
1891.845703125,0,0,0,0.0
1893.310546875,0,0,0,0.0
1894.775390625,0,0,0,0.0
1896.240234375,0,1,1,0.016666666666666666
1897.705078125,0,0,0,0.0
1899.169921875,0,1,1,0.016666666666666666
1900.634765625,0,0,0,0.0
1902.099609375,0,0,0,0.0
1903.564453125,0,0,0,0.0
1905.029296875,0,2,2,0.03333333333333333
1906.494140625,0,0,0,0.0
1907.958984375,0,0,0,0.0
1909.423828125,0,0,0,0.0
1910.888671875,0,2,2,0.03333333333333333
1912.353515625,0,0,0,0.0
1913.818359375,0,0,0,0.0
1915.283203125,0,0,0,0.0
1916.748046875,0,0,0,0.0
1918.212890625,0,0,0,0.0
1919.677734375,0,0,0,0.0
1921.142578125,0,0,0,0.0
1922.607421875,0,0,0,0.0
1924.072265625,0,0,0,0.0
1925.537109375,0,1,1,0.016666666666666666
1927.001953125,0,0,0,0.0
1928.466796875,0,0,0,0.0
1929.931640625,0,0,0,0.0
1931.396484375,0,0,0,0.0
1932.861328125,0,1,1,0.016666666666666666
1934.326171875,0,1,1,0.016666666666666666
1935.791015625,0,0,0,0.0
1937.255859375,0,0,0,0.0
1938.720703125,0,0,0,0.0
1940.185546875,0,0,0,0.0
1941.650390625,0,0,0,0.0
1943.115234375,0,0,0,0.0
1944.580078125,0,0,0,0.0
1946.044921875,0,0,0,0.0
1947.509765625,0,0,0,0.0
1948.974609375,0,0,0,0.0
1950.439453125,0,1,1,0.016666666666666666
1951.904296875,0,2,2,0.03333333333333333
1953.369140625,0,0,0,0.0
1954.833984375,0,2,2,0.03333333333333333
1956.298828125,0,0,0,0.0
1957.763671875,0,0,0,0.0
1959.228515625,0,0,0,0.0
1960.693359375,0,1,1,0.016666666666666666
1962.158203125,0,1,1,0.016666666666666666
1963.623046875,0,0,0,0.0
1965.087890625,0,2,2,0.03333333333333333
1966.552734375,0,1,1,0.016666666666666666
1968.017578125,0,0,0,0.0
1969.482421875,0,0,0,0.0
1970.947265625,0,0,0,0.0
1972.412109375,0,0,0,0.0
1973.876953125,0,0,0,0.0
1975.341796875,0,1,1,0.016666666666666666
1976.806640625,0,0,0,0.0
1978.271484375,0,0,0,0.0
1979.736328125,0,1,1,0.016666666666666666
1981.201171875,0,1,1,0.016666666666666666
1982.666015625,0,0,0,0.0
1984.130859375,0,0,0,0.0
1985.595703125,0,0,0,0.0
1987.060546875,0,0,0,0.0
1988.525390625,0,1,1,0.016666666666666666
1989.990234375,0,0,0,0.0
1991.455078125,0,1,1,0.016666666666666666
1992.919921875,0,0,0,0.0
1994.384765625,0,0,0,0.0
1995.849609375,0,0,0,0.0
1997.314453125,0,2,2,0.03333333333333333
1998.779296875,0,0,0,0.0
2000.244140625,0,1,1,0.016666666666666666
2001.708984375,0,0,0,0.0
2003.173828125,0,0,0,0.0
2004.638671875,0,0,0,0.0
2006.103515625,0,1,1,0.016666666666666666
2007.568359375,0,0,0,0.0
2009.033203125,0,1,1,0.016666666666666666
2010.498046875,0,0,0,0.0
2011.962890625,0,1,1,0.016666666666666666
2013.427734375,0,0,0,0.0
2014.892578125,0,2,2,0.03333333333333333
2016.357421875,0,0,0,0.0
2017.822265625,0,0,0,0.0
2019.287109375,0,0,0,0.0
2020.751953125,0,0,0,0.0
2022.216796875,0,0,0,0.0
2023.681640625,0,0,0,0.0
2025.146484375,0,0,0,0.0
2026.611328125,0,2,2,0.03333333333333333
2028.076171875,0,0,0,0.0
2029.541015625,0,1,1,0.016666666666666666
2031.005859375,0,0,0,0.0
2032.470703125,0,0,0,0.0
2033.935546875,0,0,0,0.0
2035.400390625,0,0,0,0.0
2036.865234375,0,0,0,0.0
2038.330078125,0,0,0,0.0
2039.794921875,0,2,2,0.03333333333333333
2041.259765625,0,0,0,0.0
2042.724609375,0,0,0,0.0
2044.189453125,0,0,0,0.0
2045.654296875,0,0,0,0.0
2047.119140625,0,2,2,0.03333333333333333
2048.583984375,0,0,0,0.0
2050.048828125,0,1,1,0.016666666666666666
2051.513671875,0,0,0,0.0
2052.978515625,0,0,0,0.0
2054.443359375,0,0,0,0.0
2055.908203125,0,0,0,0.0
2057.373046875,0,0,0,0.0
2058.837890625,0,0,0,0.0
2060.302734375,0,0,0,0.0
2061.767578125,0,0,0,0.0
2063.232421875,0,1,1,0.016666666666666666
2064.697265625,0,0,0,0.0
2066.162109375,0,2,2,0.03333333333333333
2067.626953125,0,0,0,0.0
2069.091796875,0,0,0,0.0
2070.556640625,0,0,0,0.0
2072.021484375,0,2,2,0.03333333333333333
2073.486328125,0,0,0,0.0
2074.951171875,0,0,0,0.0
2076.416015625,0,0,0,0.0
2077.880859375,0,0,0,0.0
2079.345703125,0,1,1,0.016666666666666666
2080.810546875,0,1,1,0.016666666666666666
2082.275390625,0,0,0,0.0
2083.740234375,0,3,3,0.05
2085.205078125,0,2,2,0.03333333333333333
2086.669921875,0,1,1,0.016666666666666666
2088.134765625,0,2,2,0.03333333333333333
2089.599609375,0,0,0,0.0
2091.064453125,0,0,0,0.0
2092.529296875,0,1,1,0.016666666666666666
2093.994140625,0,0,0,0.0
2095.458984375,0,1,1,0.016666666666666666
2096.923828125,0,0,0,0.0
2098.388671875,0,2,2,0.03333333333333333
2099.853515625,0,0,0,0.0
2101.318359375,0,1,1,0.016666666666666666
2102.783203125,0,0,0,0.0
2104.248046875,0,1,1,0.016666666666666666
2105.712890625,0,0,0,0.0
2107.177734375,0,0,0,0.0
2108.642578125,0,0,0,0.0
2110.107421875,0,0,0,0.0
2111.572265625,0,1,1,0.016666666666666666
2113.037109375,0,0,0,0.0
2114.501953125,0,0,0,0.0
2115.966796875,0,0,0,0.0
2117.431640625,0,0,0,0.0
2118.896484375,0,1,1,0.016666666666666666
2120.361328125,0,0,0,0.0
2121.826171875,0,0,0,0.0
2123.291015625,0,0,0,0.0
2124.755859375,0,0,0,0.0
2126.220703125,0,0,0,0.0
2127.685546875,0,3,3,0.05
2129.150390625,0,1,1,0.016666666666666666
2130.615234375,0,0,0,0.0
2132.080078125,0,0,0,0.0
2133.544921875,0,1,1,0.016666666666666666
2135.009765625,0,0,0,0.0
2136.474609375,0,0,0,0.0
2137.939453125,0,0,0,0.0
2139.404296875,0,0,0,0.0
2140.869140625,0,1,1,0.016666666666666666
2142.333984375,0,1,1,0.016666666666666666
2143.798828125,0,1,1,0.016666666666666666
2145.263671875,0,0,0,0.0
2146.728515625,0,1,1,0.016666666666666666
2148.193359375,0,0,0,0.0
2149.658203125,0,0,0,0.0
2151.123046875,0,0,0,0.0
2152.587890625,0,0,0,0.0
2154.052734375,0,2,2,0.03333333333333333
2155.517578125,0,1,1,0.016666666666666666
2156.982421875,0,1,1,0.016666666666666666
2158.447265625,0,1,1,0.016666666666666666
2159.912109375,0,0,0,0.0
2161.376953125,0,0,0,0.0
2162.841796875,0,0,0,0.0
2164.306640625,0,0,0,0.0
2165.771484375,0,1,1,0.016666666666666666
2167.236328125,0,0,0,0.0
2168.701171875,0,0,0,0.0
2170.166015625,0,0,0,0.0
2171.630859375,0,0,0,0.0
2173.095703125,0,0,0,0.0
2174.560546875,0,0,0,0.0
2176.025390625,0,0,0,0.0
2177.490234375,0,0,0,0.0
2178.955078125,0,0,0,0.0
2180.419921875,0,1,1,0.016666666666666666
2181.884765625,0,1,1,0.016666666666666666
2183.349609375,0,1,1,0.016666666666666666
2184.814453125,0,0,0,0.0
2186.279296875,0,0,0,0.0
2187.744140625,0,0,0,0.0
2189.208984375,0,0,0,0.0
2190.673828125,0,1,1,0.016666666666666666
2192.138671875,0,1,1,0.016666666666666666
2193.603515625,0,0,0,0.0
2195.068359375,0,1,1,0.016666666666666666
2196.533203125,0,0,0,0.0
2197.998046875,0,0,0,0.0
2199.462890625,0,0,0,0.0
2200.927734375,0,0,0,0.0
2202.392578125,0,0,0,0.0
2203.857421875,0,0,0,0.0
2205.322265625,0,0,0,0.0
2206.787109375,0,0,0,0.0
2208.251953125,0,0,0,0.0
2209.716796875,0,0,0,0.0
2211.181640625,0,0,0,0.0
2212.646484375,0,1,1,0.016666666666666666
2214.111328125,0,1,1,0.016666666666666666
2215.576171875,0,1,1,0.016666666666666666
2217.041015625,0,0,0,0.0
2218.505859375,0,0,0,0.0
2219.970703125,0,0,0,0.0
2221.435546875,0,2,2,0.03333333333333333
2222.900390625,0,0,0,0.0
2224.365234375,0,1,1,0.016666666666666666
2225.830078125,0,0,0,0.0
2227.294921875,0,0,0,0.0
2228.759765625,0,0,0,0.0
2230.224609375,0,0,0,0.0
2231.689453125,0,0,0,0.0
2233.154296875,0,2,2,0.03333333333333333
2234.619140625,0,1,1,0.016666666666666666
2236.083984375,0,0,0,0.0
2237.548828125,0,2,2,0.03333333333333333
2239.013671875,0,0,0,0.0
2240.478515625,0,0,0,0.0
2241.943359375,0,1,1,0.016666666666666666
2243.408203125,0,0,0,0.0
2244.873046875,0,0,0,0.0
2246.337890625,0,0,0,0.0
2247.802734375,0,0,0,0.0
2249.267578125,0,1,1,0.016666666666666666
2250.732421875,0,1,1,0.016666666666666666
2252.197265625,0,0,0,0.0
2253.662109375,0,0,0,0.0
2255.126953125,0,0,0,0.0
2256.591796875,0,0,0,0.0
2258.056640625,0,0,0,0.0
2259.521484375,0,1,1,0.016666666666666666
2260.986328125,0,0,0,0.0
2262.451171875,0,0,0,0.0
2263.916015625,0,0,0,0.0
2265.380859375,0,0,0,0.0
2266.845703125,0,0,0,0.0
2268.310546875,0,0,0,0.0
2269.775390625,0,0,0,0.0
2271.240234375,0,0,0,0.0
2272.705078125,0,0,0,0.0
2274.169921875,0,0,0,0.0
2275.634765625,0,0,0,0.0
2277.099609375,0,0,0,0.0
2278.564453125,0,0,0,0.0
2280.029296875,0,0,0,0.0
2281.494140625,0,0,0,0.0
2282.958984375,0,0,0,0.0
2284.423828125,0,0,0,0.0
2285.888671875,0,0,0,0.0
2287.353515625,0,0,0,0.0
2288.818359375,0,0,0,0.0
2290.283203125,0,0,0,0.0
2291.748046875,0,0,0,0.0
2293.212890625,0,0,0,0.0
2294.677734375,0,0,0,0.0
2296.142578125,0,0,0,0.0
2297.607421875,0,0,0,0.0
2299.072265625,0,0,0,0.0
2300.537109375,0,0,0,0.0
2302.001953125,0,0,0,0.0
2303.466796875,0,0,0,0.0
2304.931640625,0,0,0,0.0
2306.396484375,0,0,0,0.0
2307.861328125,0,0,0,0.0
2309.326171875,0,1,1,0.016666666666666666
2310.791015625,0,0,0,0.0
2312.255859375,0,0,0,0.0
2313.720703125,0,0,0,0.0
2315.185546875,0,0,0,0.0
2316.650390625,0,0,0,0.0
2318.115234375,0,0,0,0.0
2319.580078125,0,1,1,0.016666666666666666
2321.044921875,0,0,0,0.0
2322.509765625,0,0,0,0.0
2323.974609375,0,0,0,0.0
2325.439453125,0,0,0,0.0
2326.904296875,0,0,0,0.0
2328.369140625,0,0,0,0.0
2329.833984375,0,0,0,0.0
2331.298828125,0,1,1,0.016666666666666666
2332.763671875,0,0,0,0.0
2334.228515625,0,0,0,0.0
2335.693359375,0,0,0,0.0
2337.158203125,0,0,0,0.0
2338.623046875,0,0,0,0.0
2340.087890625,0,0,0,0.0
2341.552734375,0,0,0,0.0
2343.017578125,0,0,0,0.0
2344.482421875,0,1,1,0.016666666666666666
2345.947265625,0,1,1,0.016666666666666666
2347.412109375,0,0,0,0.0
2348.876953125,0,0,0,0.0
2350.341796875,0,0,0,0.0
2351.806640625,0,0,0,0.0
2353.271484375,0,0,0,0.0
2354.736328125,0,0,0,0.0
2356.201171875,0,4,4,0.06666666666666667
2357.666015625,0,0,0,0.0
2359.130859375,0,0,0,0.0
2360.595703125,0,0,0,0.0
2362.060546875,0,0,0,0.0
2363.525390625,0,0,0,0.0
2364.990234375,0,2,2,0.03333333333333333
2366.455078125,0,0,0,0.0
2367.919921875,0,0,0,0.0
2369.384765625,0,1,1,0.016666666666666666
2370.849609375,0,0,0,0.0
2372.314453125,0,0,0,0.0
2373.779296875,0,0,0,0.0
2375.244140625,0,0,0,0.0
2376.708984375,0,0,0,0.0
2378.173828125,0,1,1,0.016666666666666666
2379.638671875,0,0,0,0.0
2381.103515625,0,0,0,0.0
2382.568359375,0,0,0,0.0
2384.033203125,0,0,0,0.0
2385.498046875,0,0,0,0.0
2386.962890625,0,0,0,0.0
2388.427734375,0,1,1,0.016666666666666666
2389.892578125,0,0,0,0.0
2391.357421875,0,0,0,0.0
2392.822265625,0,0,0,0.0
2394.287109375,0,0,0,0.0
2395.751953125,0,0,0,0.0
2397.216796875,0,0,0,0.0
2398.681640625,0,3,3,0.05
2400.146484375,0,1,1,0.016666666666666666
2401.611328125,0,2,2,0.03333333333333333
2403.076171875,0,1,1,0.016666666666666666
2404.541015625,0,1,1,0.016666666666666666
2406.005859375,0,0,0,0.0
2407.470703125,0,0,0,0.0
2408.935546875,0,0,0,0.0
2410.400390625,0,0,0,0.0
2411.865234375,0,0,0,0.0
2413.330078125,0,0,0,0.0
2414.794921875,0,1,1,0.016666666666666666
2416.259765625,0,1,1,0.016666666666666666
2417.724609375,0,0,0,0.0
2419.189453125,0,1,1,0.016666666666666666
2420.654296875,0,1,1,0.016666666666666666
2422.119140625,0,0,0,0.0
2423.583984375,0,0,0,0.0
2425.048828125,0,1,1,0.016666666666666666
2426.513671875,0,4,4,0.06666666666666667
2427.978515625,0,0,0,0.0
2429.443359375,0,0,0,0.0
2430.908203125,0,0,0,0.0
2432.373046875,0,0,0,0.0
2433.837890625,0,2,2,0.03333333333333333
2435.302734375,0,0,0,0.0
2436.767578125,0,1,1,0.016666666666666666
2438.232421875,0,1,1,0.016666666666666666
2439.697265625,0,1,1,0.016666666666666666
2441.162109375,0,0,0,0.0
2442.626953125,0,0,0,0.0
2444.091796875,0,0,0,0.0
2445.556640625,0,0,0,0.0
2447.021484375,0,1,1,0.016666666666666666
2448.486328125,0,0,0,0.0
2449.951171875,0,2,2,0.03333333333333333
2451.416015625,0,0,0,0.0
2452.880859375,0,2,2,0.03333333333333333
2454.345703125,0,1,1,0.016666666666666666
2455.810546875,0,1,1,0.016666666666666666
2457.275390625,0,0,0,0.0
2458.740234375,0,1,1,0.016666666666666666
2460.205078125,0,0,0,0.0
2461.669921875,0,0,0,0.0
2463.134765625,0,0,0,0.0
2464.599609375,0,0,0,0.0
2466.064453125,0,0,0,0.0
2467.529296875,0,0,0,0.0
2468.994140625,0,0,0,0.0
2470.458984375,0,2,2,0.03333333333333333
2471.923828125,0,0,0,0.0
2473.388671875,0,1,1,0.016666666666666666
2474.853515625,0,0,0,0.0
2476.318359375,0,0,0,0.0
2477.783203125,0,1,1,0.016666666666666666
2479.248046875,0,1,1,0.016666666666666666
2480.712890625,0,0,0,0.0
2482.177734375,0,0,0,0.0
2483.642578125,0,0,0,0.0
2485.107421875,0,3,3,0.05
2486.572265625,0,1,1,0.016666666666666666
2488.037109375,0,1,1,0.016666666666666666
2489.501953125,0,0,0,0.0
2490.966796875,0,0,0,0.0
2492.431640625,0,0,0,0.0
2493.896484375,0,0,0,0.0
2495.361328125,0,0,0,0.0
2496.826171875,0,0,0,0.0
2498.291015625,0,1,1,0.016666666666666666
2499.755859375,0,0,0,0.0
2501.220703125,0,0,0,0.0
2502.685546875,0,0,0,0.0
2504.150390625,0,0,0,0.0
2505.615234375,0,1,1,0.016666666666666666
2507.080078125,0,0,0,0.0
2508.544921875,0,0,0,0.0
2510.009765625,0,0,0,0.0
2511.474609375,0,0,0,0.0
2512.939453125,0,1,1,0.016666666666666666
2514.404296875,0,0,0,0.0
2515.869140625,0,0,0,0.0
2517.333984375,0,0,0,0.0
2518.798828125,0,0,0,0.0
2520.263671875,0,0,0,0.0
2521.728515625,0,0,0,0.0
2523.193359375,0,0,0,0.0
2524.658203125,0,0,0,0.0
2526.123046875,0,0,0,0.0
2527.587890625,0,0,0,0.0
2529.052734375,0,0,0,0.0
2530.517578125,0,0,0,0.0
2531.982421875,0,0,0,0.0
2533.447265625,0,0,0,0.0
2534.912109375,0,0,0,0.0
2536.376953125,0,0,0,0.0
2537.841796875,0,1,1,0.016666666666666666
2539.306640625,0,0,0,0.0
2540.771484375,0,0,0,0.0
2542.236328125,0,0,0,0.0
2543.701171875,0,0,0,0.0
2545.166015625,0,0,0,0.0
2546.630859375,0,0,0,0.0
2548.095703125,0,0,0,0.0
2549.560546875,0,0,0,0.0
2551.025390625,0,0,0,0.0
2552.490234375,0,0,0,0.0
2553.955078125,0,0,0,0.0
2555.419921875,0,0,0,0.0
2556.884765625,0,0,0,0.0
2558.349609375,0,0,0,0.0
2559.814453125,0,1,1,0.016666666666666666
2561.279296875,0,0,0,0.0
2562.744140625,0,0,0,0.0
2564.208984375,0,0,0,0.0
2565.673828125,0,0,0,0.0
2567.138671875,0,0,0,0.0
2568.603515625,0,0,0,0.0
2570.068359375,0,0,0,0.0
2571.533203125,0,0,0,0.0
2572.998046875,0,0,0,0.0
2574.462890625,0,0,0,0.0
2575.927734375,0,0,0,0.0
2577.392578125,0,0,0,0.0
2578.857421875,0,0,0,0.0
2580.322265625,0,0,0,0.0
2581.787109375,0,0,0,0.0
2583.251953125,0,0,0,0.0
2584.716796875,0,0,0,0.0
2586.181640625,0,0,0,0.0
2587.646484375,0,0,0,0.0
2589.111328125,0,0,0,0.0
2590.576171875,0,0,0,0.0
2592.041015625,0,0,0,0.0
2593.505859375,0,0,0,0.0
2594.970703125,0,0,0,0.0
2596.435546875,0,0,0,0.0
2597.900390625,0,0,0,0.0
2599.365234375,0,0,0,0.0
2600.830078125,0,0,0,0.0
2602.294921875,0,0,0,0.0
2603.759765625,0,0,0,0.0
2605.224609375,0,0,0,0.0
2606.689453125,0,0,0,0.0
2608.154296875,0,0,0,0.0
2609.619140625,0,0,0,0.0
2611.083984375,0,0,0,0.0
2612.548828125,0,0,0,0.0
2614.013671875,0,0,0,0.0
2615.478515625,0,0,0,0.0
2616.943359375,0,0,0,0.0
2618.408203125,0,0,0,0.0
2619.873046875,0,0,0,0.0
2621.337890625,0,0,0,0.0
2622.802734375,0,0,0,0.0
2624.267578125,0,0,0,0.0
2625.732421875,0,0,0,0.0
2627.197265625,0,0,0,0.0
2628.662109375,0,0,0,0.0
2630.126953125,0,0,0,0.0
2631.591796875,0,0,0,0.0
2633.056640625,0,0,0,0.0
2634.521484375,0,0,0,0.0
2635.986328125,0,0,0,0.0
2637.451171875,0,1,1,0.016666666666666666
2638.916015625,0,0,0,0.0
2640.380859375,0,1,1,0.016666666666666666
2641.845703125,0,0,0,0.0
2643.310546875,0,0,0,0.0
2644.775390625,0,0,0,0.0
2646.240234375,0,0,0,0.0
2647.705078125,0,0,0,0.0
2649.169921875,0,0,0,0.0
2650.634765625,0,0,0,0.0
2652.099609375,0,0,0,0.0
2653.564453125,0,0,0,0.0
2655.029296875,0,0,0,0.0
2656.494140625,0,0,0,0.0
2657.958984375,0,0,0,0.0
2659.423828125,0,0,0,0.0
2660.888671875,0,0,0,0.0
2662.353515625,0,0,0,0.0
2663.818359375,0,0,0,0.0
2665.283203125,0,0,0,0.0
2666.748046875,0,0,0,0.0
2668.212890625,0,0,0,0.0
2669.677734375,0,0,0,0.0
2671.142578125,0,0,0,0.0
2672.607421875,0,0,0,0.0
2674.072265625,0,0,0,0.0
2675.537109375,0,0,0,0.0
2677.001953125,0,0,0,0.0
2678.466796875,0,0,0,0.0
2679.931640625,0,0,0,0.0
2681.396484375,0,0,0,0.0
2682.861328125,0,0,0,0.0
2684.326171875,0,0,0,0.0
2685.791015625,0,0,0,0.0
2687.255859375,0,0,0,0.0
2688.720703125,0,0,0,0.0
2690.185546875,0,0,0,0.0
2691.650390625,0,0,0,0.0
2693.115234375,0,0,0,0.0
2694.580078125,0,0,0,0.0
2696.044921875,0,0,0,0.0
2697.509765625,0,0,0,0.0
2698.974609375,0,0,0,0.0
2700.439453125,0,0,0,0.0
2701.904296875,0,0,0,0.0
2703.369140625,0,0,0,0.0
2704.833984375,0,0,0,0.0
2706.298828125,0,0,0,0.0
2707.763671875,0,0,0,0.0
2709.228515625,0,0,0,0.0
2710.693359375,0,0,0,0.0
2712.158203125,0,0,0,0.0
2713.623046875,0,0,0,0.0
2715.087890625,0,0,0,0.0
2716.552734375,0,0,0,0.0
2718.017578125,0,0,0,0.0
2719.482421875,0,0,0,0.0
2720.947265625,0,0,0,0.0
2722.412109375,0,0,0,0.0
2723.876953125,0,0,0,0.0
2725.341796875,0,0,0,0.0
2726.806640625,0,0,0,0.0
2728.271484375,0,0,0,0.0
2729.736328125,0,0,0,0.0
2731.201171875,0,0,0,0.0
2732.666015625,0,0,0,0.0
2734.130859375,0,0,0,0.0
2735.595703125,0,0,0,0.0
2737.060546875,0,0,0,0.0
2738.525390625,0,0,0,0.0
2739.990234375,0,0,0,0.0
2741.455078125,0,0,0,0.0
2742.919921875,0,0,0,0.0
2744.384765625,0,0,0,0.0
2745.849609375,0,0,0,0.0
2747.314453125,0,0,0,0.0
2748.779296875,0,0,0,0.0
2750.244140625,0,0,0,0.0
2751.708984375,0,0,0,0.0
2753.173828125,0,0,0,0.0
2754.638671875,0,0,0,0.0
2756.103515625,0,0,0,0.0
2757.568359375,0,0,0,0.0
2759.033203125,0,0,0,0.0
2760.498046875,0,0,0,0.0
2761.962890625,0,0,0,0.0
2763.427734375,0,0,0,0.0
2764.892578125,0,0,0,0.0
2766.357421875,0,0,0,0.0
2767.822265625,0,0,0,0.0
2769.287109375,0,0,0,0.0
2770.751953125,0,0,0,0.0
2772.216796875,0,0,0,0.0
2773.681640625,0,0,0,0.0
2775.146484375,0,0,0,0.0
2776.611328125,0,0,0,0.0
2778.076171875,0,0,0,0.0
2779.541015625,0,0,0,0.0
2781.005859375,0,0,0,0.0
2782.470703125,0,0,0,0.0
2783.935546875,0,0,0,0.0
2785.400390625,0,0,0,0.0
2786.865234375,0,0,0,0.0
2788.330078125,0,0,0,0.0
2789.794921875,0,0,0,0.0
2791.259765625,0,0,0,0.0
2792.724609375,0,0,0,0.0
2794.189453125,0,0,0,0.0
2795.654296875,0,0,0,0.0
2797.119140625,0,0,0,0.0
2798.583984375,0,0,0,0.0
2800.048828125,0,0,0,0.0
2801.513671875,0,0,0,0.0
2802.978515625,0,0,0,0.0
2804.443359375,0,0,0,0.0
2805.908203125,0,0,0,0.0
2807.373046875,0,0,0,0.0
2808.837890625,0,0,0,0.0
2810.302734375,0,0,0,0.0
2811.767578125,0,0,0,0.0
2813.232421875,0,0,0,0.0
2814.697265625,0,0,0,0.0
2816.162109375,0,0,0,0.0
2817.626953125,0,0,0,0.0
2819.091796875,0,0,0,0.0
2820.556640625,0,0,0,0.0
2822.021484375,0,0,0,0.0
2823.486328125,0,0,0,0.0
2824.951171875,0,0,0,0.0
2826.416015625,0,0,0,0.0
2827.880859375,0,0,0,0.0
2829.345703125,0,0,0,0.0
2830.810546875,0,0,0,0.0
2832.275390625,0,0,0,0.0
2833.740234375,0,0,0,0.0
2835.205078125,0,0,0,0.0
2836.669921875,0,0,0,0.0
2838.134765625,0,0,0,0.0
2839.599609375,0,0,0,0.0
2841.064453125,0,0,0,0.0
2842.529296875,0,0,0,0.0
2843.994140625,0,0,0,0.0
2845.458984375,0,0,0,0.0
2846.923828125,0,0,0,0.0
2848.388671875,0,0,0,0.0
2849.853515625,0,0,0,0.0
2851.318359375,0,0,0,0.0
2852.783203125,0,0,0,0.0
2854.248046875,0,0,0,0.0
2855.712890625,0,0,0,0.0
2857.177734375,0,0,0,0.0
2858.642578125,0,0,0,0.0
2860.107421875,0,0,0,0.0
2861.572265625,0,0,0,0.0
2863.037109375,0,0,0,0.0
2864.501953125,0,0,0,0.0
2865.966796875,0,0,0,0.0
2867.431640625,0,0,0,0.0
2868.896484375,0,0,0,0.0
2870.361328125,0,0,0,0.0
2871.826171875,0,0,0,0.0
2873.291015625,0,0,0,0.0
2874.755859375,0,0,0,0.0
2876.220703125,0,0,0,0.0
2877.685546875,0,0,0,0.0
2879.150390625,0,0,0,0.0
2880.615234375,0,0,0,0.0
2882.080078125,0,0,0,0.0
2883.544921875,0,0,0,0.0
2885.009765625,0,0,0,0.0
2886.474609375,0,0,0,0.0
2887.939453125,0,0,0,0.0
2889.404296875,0,0,0,0.0
2890.869140625,0,0,0,0.0
2892.333984375,0,0,0,0.0
2893.798828125,0,0,0,0.0
2895.263671875,0,0,0,0.0
2896.728515625,0,0,0,0.0
2898.193359375,0,0,0,0.0
2899.658203125,0,0,0,0.0
2901.123046875,0,0,0,0.0
2902.587890625,0,0,0,0.0
2904.052734375,0,0,0,0.0
2905.517578125,0,0,0,0.0
2906.982421875,0,0,0,0.0
2908.447265625,0,0,0,0.0
2909.912109375,0,0,0,0.0
2911.376953125,0,0,0,0.0
2912.841796875,0,0,0,0.0
2914.306640625,0,0,0,0.0
2915.771484375,0,0,0,0.0
2917.236328125,0,0,0,0.0
2918.701171875,0,0,0,0.0
2920.166015625,0,0,0,0.0
2921.630859375,0,0,0,0.0
2923.095703125,0,0,0,0.0
2924.560546875,0,0,0,0.0
2926.025390625,0,0,0,0.0
2927.490234375,0,0,0,0.0
2928.955078125,0,0,0,0.0
2930.419921875,0,0,0,0.0
2931.884765625,0,0,0,0.0
2933.349609375,0,0,0,0.0
2934.814453125,0,0,0,0.0
2936.279296875,0,0,0,0.0
2937.744140625,0,0,0,0.0
2939.208984375,0,0,0,0.0
2940.673828125,0,0,0,0.0
2942.138671875,0,0,0,0.0
2943.603515625,0,0,0,0.0
2945.068359375,0,0,0,0.0
2946.533203125,0,0,0,0.0
2947.998046875,0,0,0,0.0
2949.462890625,0,0,0,0.0
2950.927734375,0,0,0,0.0
2952.392578125,0,0,0,0.0
2953.857421875,0,0,0,0.0
2955.322265625,0,0,0,0.0
2956.787109375,0,0,0,0.0
2958.251953125,0,0,0,0.0
2959.716796875,0,0,0,0.0
2961.181640625,0,0,0,0.0
2962.646484375,0,0,0,0.0
2964.111328125,0,0,0,0.0
2965.576171875,0,0,0,0.0
2967.041015625,0,0,0,0.0
2968.505859375,0,0,0,0.0
2969.970703125,0,0,0,0.0
2971.435546875,0,0,0,0.0
2972.900390625,0,0,0,0.0
2974.365234375,0,0,0,0.0
2975.830078125,0,0,0,0.0
2977.294921875,0,0,0,0.0
2978.759765625,0,0,0,0.0
2980.224609375,0,0,0,0.0
2981.689453125,0,0,0,0.0
2983.154296875,0,0,0,0.0
2984.619140625,0,0,0,0.0
2986.083984375,0,0,0,0.0
2987.548828125,0,0,0,0.0
2989.013671875,0,0,0,0.0
2990.478515625,0,0,0,0.0
2991.943359375,0,0,0,0.0
2993.408203125,0,0,0,0.0
2994.873046875,0,0,0,0.0
2996.337890625,0,0,0,0.0
2997.802734375,0,0,0,0.0
2999.267578125,0,0,0,0.0
